{"cameraMode":{"drawMode":0,"name":"Shaded","section":"Shading Mode"},"sceneLighting":false,"audioPlay":false,"sceneViewState":{"showFog":true,"showMaterialUpdate":false,"showSkybox":false,"showFlares":true,"showImageEffects":true,"showParticleSystems":true},"in2DMode":false,"pivot":{"x":16.97349739074707,"y":-8.730356216430664,"z":-16.604829788208009},"rotation":{"x":0.08027961105108261,"y":0.8239215016365051,"z":-0.12073365598917008,"w":0.547845721244812},"size":3.157883882522583,"orthographic":false}