{"cameraMode":{"drawMode":0,"name":"Shaded","section":"Shading Mode"},"sceneLighting":true,"audioPlay":false,"sceneViewState":{"showFog":true,"showMaterialUpdate":false,"showSkybox":true,"showFlares":true,"showImageEffects":true,"showParticleSystems":true},"in2DMode":false,"pivot":{"x":38.22083282470703,"y":0.7786604166030884,"z":81.73373413085938},"rotation":{"x":0.012785714119672776,"y":-0.8231128454208374,"z":0.018511859700083734,"w":0.5674702525138855},"size":47.73556137084961,"orthographic":false}